id,name,year,clean_author_name
1,"A. J. Milner",1994,"A. J. Milner"
2,"Aaron Finerman",1994,"Aaron Finerman"
3,"Adele Goldberg",1994,"Adele Goldberg"
4,"Allen Tucker",1994,"Allen Tucker"
5,"Andries van Dam",1994,"Andries van Dam"
6,"Anthony Ralston",1994,"Anthony Ralston"
7,"Azriel Rosenfeld",1994,"Azriel Rosenfeld"
8,"Barbara B. Simons",1994,"Barbara B. Simons"
9,"Ben Wegbreit",1994,"Ben Wegbreit"
10,"Bernard A. Galler",1994,"Bernard A. Galler"
11,"Bjarne Stroustrup",1994,"Bjarne Stroustrup"
12,"Bob Frankston",1994,"Bob Frankston"
13,"Bob O. Evans",1994,"Bob O. Evans"
14,"Bruce Lindsay",1994,"Bruce Lindsay"
15,"Burton Smith",1994,"Burton Smith"
16,"Butler W. Lampson",1994,"Butler W. Lampson"
17,"C. Gordon Bell",1994,"C. Gordon Bell"
18,"C.L. Liu",1994,"C.L. Liu"
19,"Calvin C. Gotlieb",1994,"Calvin C. Gotlieb"
20,"Charles L. Bradshaw",1994,"Charles L. Bradshaw"
21,"Charles P. Thacker",1994,"Charles P. Thacker"
22,"Charles W. Gear",1994,"Charles W. Gear"
23,"Cordell Green",1994,"Cordell Green"
24,"Dan Bricklin",1994,"Dan Bricklin"
25,"Dana S. Scott",1994,"Dana S. Scott"
26,"Daniel Bobrow",1994,"Daniel Bobrow"
27,"Daniel D. McCracken",1994,"Daniel D. McCracken"
28,"Daniel P. Siewiorek",1994,"Daniel P. Siewiorek"
29,"David Harel",1994,"David Harel"
30,"David J. Kuck",1994,"David J. Kuck"
31,"David J. Wheeler",1994,"David J. Wheeler"
32,"David Lie",1994,"David Lie"
33,"David Lorge Parnas",1994,"David Lorge Parnas"
34,"David Patterson",1994,"David Patterson"
35,"David R. Boggs",1994,"David R. Boggs"
36,"Donald Chamberlin",1994,"Donald Chamberlin"
37,"Donald E. Knuth",1994,"Donald E. Knuth"
38,"Donald R. Slutz",1994,"Donald R. Slutz"
39,"Douglas K. Brotz",1994,"Douglas K. Brotz"
40,"Edgar F. Codd",1994,"Edgar F. Codd"
41,"Edsger W. Dijkstra",1994,"Edsger W. Dijkstra"
42,"Edward A. Taft",1994,"Edward A. Taft"
43,"Edward G. Coffman Jr.",1994,"Edward G. Coffman Jr."
44,"Edward McCluskey",1994,"Edward McCluskey"
45,"Eric A. Weiss",1994,"Eric A. Weiss"
46,"Fernando J. Corbató",1994,"Fernando J. Corbató"
47,"Frances Allen",1994,"Frances Allen"
48,"Frank Friedman",1994,"Frank Friedman"
49,"Franz L. Alt",1994,"Franz L. Alt"
50,"Fred H. Harris",1994,"Fred H. Harris"
51,"Frederick P. Brooks Jr.",1994,"Frederick P. Brooks Jr."
52,"Gerald J. Sussman",1994,"Gerald J. Sussman"
53,"Gerald L. Engel",1994,"Gerald L. Engel"
54,"Guy L. Steele Jr.",1994,"Guy L. Steele Jr."
55,"Harold Stone",1994,"Harold Stone"
56,"Harry D. Huskey",1994,"Harry D. Huskey"
57,"Harvey G. Cragon",1994,"Harvey G. Cragon"
58,"Herbert A. Simon",1994,"Herbert A. Simon"
59,"Herbert Maisel",1994,"Herbert Maisel"
60,"Irv Traiger",1994,"Irv Traiger"
61,"Ivan Sutherland",1994,"Ivan Sutherland"
62,"J. N. Hume",1994,"J. N. Hume"
63,"J. Presper Eckert",1994,"J. Presper Eckert"
64,"Jack Dennis",1994,"Jack Dennis"
65,"Jack Minker",1994,"Jack Minker"
66,"James M. Adams",1994,"James M. Adams"
67,"Jean E. Sammet",1994,"Jean E. Sammet"
68,"Jeff Rulifson",1994,"Jeff Rulifson"
69,"Jim Gray",1994,"Jim Gray"
70,"John A. Lee",1994,"John A. Lee"
71,"John E. Hopcroft",1994,"John E. Hopcroft"
72,"John H. Hine",1994,"John H. Hine"
73,"John K. Ousterhout",1994,"John K. Ousterhout"
74,"John McCarthy",1994,"John McCarthy"
75,"Joseph Traub",1994,"Joseph Traub"
76,"Joshua Lederberg",1994,"Joshua Lederberg"
77,"Joyce Currie Little",1994,"Joyce Currie Little"
78,"Juris Hartmanis",1994,"Juris Hartmanis"
79,"Kenneth E. Batcher",1994,"Kenneth E. Batcher"
80,"L. A. Zadeh",1994,"L. A. Zadeh"
81,"L. Peter Deutsch",1994,"L. Peter Deutsch"
82,"Lorraine Borman",1994,"Lorraine Borman"
83,"M. Stuart Lynn",1994,"M. Stuart Lynn"
84,"Martha Palmer",1994,"Martha Palmer"
85,"Maurice V. Wilkes",1994,"Maurice V. Wilkes"
86,"Meir Lehman",1994,"Meir Lehman"
87,"Michael H. Böhlen",1994,"Michael H. Böhlen"
88,"Michael J. Feeley",1994,"Michael J. Feeley"
89,"Michael Stonebraker",1994,"Michael Stonebraker"
90,"Monroe Newborn",1994,"Monroe Newborn"
91,"Niklaus E. Wirth",1994,"Niklaus E. Wirth"
92,"Patrick Suppes",1994,"Patrick Suppes"
93,"Paul R. McJones",1994,"Paul R. McJones"
94,"Peter G. Neumann",1994,"Peter G. Neumann"
95,"Peter J. Denning",1994,"Peter J. Denning"
96,"Petros Elia",1994,"Petros Elia"
97,"Ray Kurzweil",1994,"Ray Kurzweil"
98,"Richard G. Canning",1994,"Richard G. Canning"
99,"Richard H. Austing",1994,"Richard H. Austing"
100,"Richard M. Karp",1994,"Richard M. Karp"
101,"Richard M. Stern",1994,"Richard M. Stern"
102,"Richard S. Sutton",1994,"Richard S. Sutton"
103,"Richard W. Hamming",1994,"Richard W. Hamming"
104,"Robert E. Tarjan",1994,"Robert E. Tarjan"
105,"Robert W. Floyd",1994,"Robert W. Floyd"
106,"Robert W. Taylor",1994,"Robert W. Taylor"
107,"Roger M. Needham",1994,"Roger M. Needham"
108,"Ronald L. Rivest",1994,"Ronald L. Rivest"
109,"Ronald M. Kaplan",1994,"Ronald M. Kaplan"
110,"Seymour J. Wolfson",1994,"Seymour J. Wolfson"
111,"Shmuel Winograd",1994,"Shmuel Winograd"
112,"Stephen Dunwell",1994,"Stephen Dunwell"
113,"Stephen S. Lavenberg",1994,"Stephen S. Lavenberg"
114,"Stuart Wecker",1994,"Stuart Wecker"
115,"Susan L. Graham",1994,"Susan L. Graham"
116,"Susan S. Owicki",1994,"Susan S. Owicki"
117,"Thomas A. D'Auria",1994,"Thomas A. D'Auria"
118,"Thomas B. Steel Jr.",1994,"Thomas B. Steel Jr."
119,"Thomas E. Kurtz",1994,"Thomas E. Kurtz"
120,"Tom Hull",1994,"Tom Hull"
121,"Tze-Yun Leong",1994,"Tze-Yun Leong"
122,"Vinton Cerf",1994,"Vinton Cerf"
123,"W. Daniel Hillis",1994,"W. Daniel Hillis"
124,"Walter Carlson",1994,"Walter Carlson"
125,"William A. Hoff",1994,"William A. Hoff"
126,"William F. Atchison",1994,"William F. Atchison"
127,"William F. Punch",1994,"William F. Punch"
128,"William Kahan",1994,"William Kahan"
129,"William Steiger",1994,"William Steiger"
130,"Willis H. Ware",1994,"Willis H. Ware"
131,"Zohar Manna",1994,"Zohar Manna"
132,"Alan H. Barr",1995,"Alan H. Barr"
133,"Andrew Chi-Chih Yao",1995,"Andrew Chi-Chih Yao"
134,"Anthony Oettinger",1995,"Anthony Oettinger"
135,"Bertram Herzog",1995,"Bertram Herzog"
136,"Chak-Kuen Wong",1995,"Chak-Kuen Wong"
137,"Chris S. Wallace",1995,"Chris S. Wallace"
138,"Cliff B. Jones",1995,"Cliff B. Jones"
139,"Daniel J. Rosenkrantz",1995,"Daniel J. Rosenkrantz"
140,"David B. Johnson",1995,"David B. Johnson"
141,"David DeWitt",1995,"David DeWitt"
142,"Donald P. Greenberg",1995,"Donald P. Greenberg"
143,"Dorothy E. Denning",1995,"Dorothy E. Denning"
144,"Edward D. Lazowska",1995,"Edward D. Lazowska"
145,"Edwin Catmull",1995,"Edwin Catmull"
146,"Erwin Engeler",1995,"Erwin Engeler"
147,"Franco P. Preparata",1995,"Franco P. Preparata"
148,"Fred B. Schneider",1995,"Fred B. Schneider"
149,"Gerard Salton",1995,"Gerard Salton"
150,"Gio Wiederhold",1995,"Gio Wiederhold"
151,"Grady Booch",1995,"Grady Booch"
152,"Harold J. Highland",1995,"Harold J. Highland"
153,"Henry Fuchs",1995,"Henry Fuchs"
154,"Herbert R. J. Grosch",1995,"Herbert R. J. Grosch"
155,"J. Nievergelt",1995,"J. Nievergelt"
156,"Jayadev Misra",1995,"Jayadev Misra"
157,"Jeffrey D. Ullman",1995,"Jeffrey D. Ullman"
158,"John B. Goodenough 0002",1995,"John B. Goodenough"
159,"John Kim",1995,"John Kim"
160,"John R. White",1995,"John R. White"
161,"Kenneth W. Kennedy",1995,"Kenneth W. Kennedy"
162,"Lance Hoffman",1995,"Lance Hoffman"
163,"Larry Druffel",1995,"Larry Druffel"
164,"Larry Snyder",1995,"Larry Snyder"
165,"Lawrence Bernstein",1995,"Lawrence Bernstein"
166,"Loren C. Carpenter",1995,"Loren C. Carpenter"
167,"Mike Barley",1995,"Mike Barley"
168,"Myron Ginsberg",1995,"Myron Ginsberg"
169,"Nancy Leveson",1995,"Nancy Leveson"
170,"Norihisa Suzuki",1995,"Norihisa Suzuki"
171,"Oscar Ibarra",1995,"Oscar Ibarra"
172,"Paul W. Abrahams",1995,"Paul W. Abrahams"
173,"Paul Young",1995,"Paul Young"
174,"Peter Wegner",1995,"Peter Wegner"
175,"R. L. Ashenhurst",1995,"R. L. Ashenhurst"
176,"Richard P. Brent",1995,"Richard P. Brent"
177,"Robert L. Constable",1995,"Robert L. Constable"
178,"Roy Rada",1995,"Roy Rada"
179,"S. Lakshmivarahan",1995,"S. Lakshmivarahan"
180,"S. Rao Kosaraju",1995,"S. Rao Kosaraju"
181,"Stuart Feldman",1995,"Stuart Feldman"
182,"Turner Whitted",1995,"Turner Whitted"
183,"Zvi Galil",1995,"Zvi Galil"
184,"Abraham Silberschatz",1996,"Abraham Silberschatz"
185,"Alfred V. Aho",1996,"Alfred V. Aho"
186,"Andrew S. Tanenbaum",1996,"Andrew S. Tanenbaum"
187,"Anita Borg",1996,"Anita Borg"
188,"Anita K. Jones",1996,"Anita K. Jones"
189,"Anthony I. Wasserman",1996,"Anthony I. Wasserman"
190,"Arnold Rosenberg",1996,"Arnold Rosenberg"
191,"Barbara Liskov",1996,"Barbara Liskov"
192,"Bernard Chazelle",1996,"Bernard Chazelle"
193,"Bryan Preas",1996,"Bryan Preas"
194,"Dennis J. Frailey",1996,"Dennis J. Frailey"
195,"Edward M. Reingold",1996,"Edward M. Reingold"
196,"Fred W. Weingarten",1996,"Fred W. Weingarten"
197,"George Dodd",1996,"George Dodd"
198,"Gregor von Bochmann",1996,"Gregor von Bochmann"
199,"Hanan Samet",1996,"Hanan Samet"
200,"Henry M. Levy",1996,"Henry M. Levy"
201,"Ian H. Witten",1996,"Ian H. Witten"
202,"Jeanne Ferrante",1996,"Jeanne Ferrante"
203,"Jeffrey Jaffe",1996,"Jeffrey Jaffe"
204,"John A. Stankovic",1996,"John A. Stankovic"
205,"John E. Savage",1996,"John E. Savage"
206,"John Rice",1996,"John Rice"
207,"José L. Encarnação",1996,"José L. Encarnação"
208,"Kurt Akeley",1996,"Kurt Akeley"
209,"Larry Stockmeyer",1996,"Larry Stockmeyer"
210,"Lawrence H. Landweber",1996,"Lawrence H. Landweber"
211,"Maria Klawe",1996,"Maria Klawe"
212,"Mark W. Newman",1996,"Mark W. Newman"
213,"Marshall C. Yovits",1996,"Marshall C. Yovits"
214,"Mary Jane Irwin",1996,"Mary Jane Irwin"
215,"Mary K. Vernon",1996,"Mary K. Vernon"
216,"Mary Shaw",1996,"Mary Shaw"
217,"Michael A. Harrison",1996,"Michael A. Harrison"
218,"Michael E. Kress",1996,"Michael E. Kress"
219,"Michael J. Fischer",1996,"Michael J. Fischer"
220,"Narendra Ahuja",1996,"Narendra Ahuja"
221,"Narsingh Deo",1996,"Narsingh Deo"
222,"Philip Heidelberger",1996,"Philip Heidelberger"
223,"Raj Jain",1996,"Raj Jain"
224,"Ramaswamy Chandrasekaran",1996,"Ramaswamy Chandrasekaran"
225,"Randy H. Katz",1996,"Randy H. Katz"
226,"Ravi Sethi",1996,"Ravi Sethi"
227,"Richard E. Ladner",1996,"Richard E. Ladner"
228,"Richard R. Muntz",1996,"Richard R. Muntz"
229,"Ronald L. Graham",1996,"Ronald L. Graham"
230,"Ruzena Bajcsy",1996,"Ruzena Bajcsy"
231,"Sartaj Sahni",1996,"Sartaj Sahni"
232,"T. R. N. Rao",1996,"T. R. N. Rao"
233,"Takao Nishizeki",1996,"Takao Nishizeki"
234,"Uzi Vishkin",1996,"Uzi Vishkin"
235,"W. Richards Adrion",1996,"W. Richards Adrion"
236,"Alan C. Shaw",1997,"Alan C. Shaw"
237,"Barry W. Boehm",1997,"Barry W. Boehm"
238,"Ben Shneiderman",1997,"Ben Shneiderman"
239,"Bruce Croft",1997,"Bruce Croft"
240,"Daniel A. Menascé",1997,"Daniel A. Menascé"
241,"Der-Tsai Lee",1997,"Der-Tsai Lee"
242,"Don Towsley",1997,"Don Towsley"
243,"Elaine Weyuker",1997,"Elaine Weyuker"
244,"Gordon B. Davis",1997,"Gordon B. Davis"
245,"H. W. Lawson",1997,"H. W. Lawson"
246,"Hector Garcia-Molina",1997,"Hector Garcia-Molina"
247,"Herbert Freeman",1997,"Herbert Freeman"
248,"Ian F. Akyildiz",1997,"Ian F. Akyildiz"
249,"Imrich Chlamtac",1997,"Imrich Chlamtac"
250,"Irene Greif",1997,"Irene Greif"
251,"J. D. Couger",1997,"J. D. Couger"
252,"Jean-Loup Baer",1997,"Jean-Loup Baer"
253,"John H. Reif",1997,"John H. Reif"
254,"John L. Hennessy",1997,"John L. Hennessy"
255,"Kenneth C. Sevcik",1997,"Kenneth C. Sevcik"
256,"Kenneth Steiglitz",1997,"Kenneth Steiglitz"
257,"Micha Sharir",1997,"Micha Sharir"
258,"Nancy A. Lynch",1997,"Nancy A. Lynch"
259,"Nicholas Pippenger",1997,"Nicholas Pippenger"
260,"Paolo Mancarella",1997,"Paolo Mancarella"
261,"Paul Schneck",1997,"Paul Schneck"
262,"Peter Widmayer",1997,"Peter Widmayer"
263,"Philip S. Yu",1997,"Philip S. Yu"
264,"Raymond Miller",1997,"Raymond Miller"
265,"Raymond Spiteri",1997,"Raymond Spiteri"
266,"Richard A. Kemmerer",1997,"Richard A. Kemmerer"
267,"Richard J. Lipton",1997,"Richard J. Lipton"
268,"Robert Sedgewick",1997,"Robert Sedgewick"
269,"Robert Wilensky",1997,"Robert Wilensky"
270,"Roger R. Bate",1997,"Roger R. Bate"
271,"Ron Perrott",1997,"Ron Perrott"
272,"Vaughan R. Pratt",1997,"Vaughan R. Pratt"
273,"Victor Basili",1997,"Victor Basili"
274,"Yuri Gurevich",1997,"Yuri Gurevich"
275,"Zvi M. Kedem",1997,"Zvi M. Kedem"
276,"Abraham Kandel",1998,"Abraham Kandel"
277,"Alan Selman",1998,"Alan Selman"
278,"Albert J. Turner",1998,"Albert J. Turner"
279,"Andrew W. Appel",1998,"Andrew W. Appel"
280,"Aravind K. Joshi",1998,"Aravind K. Joshi"
281,"Barbara G. Ryder",1998,"Barbara G. Ryder"
282,"Carlo H. Séquin",1998,"Carlo H. Séquin"
283,"Clarence A. Ellis",1998,"Clarence A. Ellis"
284,"David Lazer",1998,"David Lazer"
285,"David P. Dobkin",1998,"David P. Dobkin"
286,"Dharma P. Agrawal",1998,"Dharma P. Agrawal"
287,"Edmund M. Clarke",1998,"Edmund M. Clarke"
288,"Emo Welzl",1998,"Emo Welzl"
289,"Eugene H. Spafford",1998,"Eugene H. Spafford"
290,"Gopal Gupta 0002",1998,"Gopal Gupta"
291,"Gregory R. Andrews",1998,"Gregory R. Andrews"
292,"Hal Berghel",1998,"Hal Berghel"
293,"Howard Siegel",1998,"Howard Siegel"
294,"James C. Hoe",1998,"James C. Hoe"
295,"James J. Horning",1998,"James J. Horning"
296,"Jeannette M. Wing",1998,"Jeannette M. Wing"
297,"John A. Richards",1998,"John A. Richards"
298,"Kai Li",1998,"Kai Li"
299,"Lawrence A. Rowe",1998,"Lawrence A. Rowe"
300,"Leon J. Osterweil",1998,"Leon J. Osterweil"
301,"Lori Clarke",1998,"Lori Clarke"
302,"Mihalis Yannakakis",1998,"Mihalis Yannakakis"
303,"Neil Jones",1998,"Neil Jones"
304,"Peter M. Chen",1998,"Peter M. Chen"
305,"Richard Cole 0001",1998,"Richard Cole"
306,"Richard Gabriel",1998,"Richard Gabriel"
307,"Richard N. Taylor",1998,"Richard N. Taylor"
308,"Robert Cartwright",1998,"Robert Cartwright"
309,"Simon S. Lam",1998,"Simon S. Lam"
310,"Stephen T. Kent",1998,"Stephen T. Kent"
311,"Stuart Zweben",1998,"Stuart Zweben"
312,"Susan H. Nycum",1998,"Susan H. Nycum"
313,"Venkat P. Rangan",1998,"Venkat P. Rangan"
314,"Éva Tardos",1998,"Éva Tardos"
315,"Ahmed Sameh",1999,"Ahmed Sameh"
316,"Akinori Yonezawa",1999,"Akinori Yonezawa"
317,"C. Dianne Martin",1999,"C. Dianne Martin"
318,"Carlo Ghezzi",1999,"Carlo Ghezzi"
319,"Charles M. Geschke",1999,"Charles M. Geschke"
320,"Chung Jen Tan",1999,"Chung Jen Tan"
321,"David L. Dill",1999,"David L. Dill"
322,"David L. Waltz",1999,"David L. Waltz"
323,"David MacQueen",1999,"David MacQueen"
324,"Dhiraj Pradhan",1999,"Dhiraj Pradhan"
325,"James D. Foley",1999,"James D. Foley"
326,"James Demmel",1999,"James Demmel"
327,"John D. Gannon",1999,"John D. Gannon"
328,"John Warnock",1999,"John Warnock"
329,"Joseph S. DeBlasi",1999,"Joseph S. DeBlasi"
330,"Kenneth P. Birman",1999,"Kenneth P. Birman"
331,"Koji Torii",1999,"Koji Torii"
332,"Kurt Mehlhorn",1999,"Kurt Mehlhorn"
333,"Larry M. Masinter",1999,"Larry M. Masinter"
334,"Leonidas J. Guibas",1999,"Leonidas J. Guibas"
335,"Marc Auslander",1999,"Marc Auslander"
336,"Marc Snir",1999,"Marc Snir"
337,"Mary Lou Soffa",1999,"Mary Lou Soffa"
338,"Pamela Samuelson",1999,"Pamela Samuelson"
339,"Philip Levis",1999,"Philip Levis"
340,"Richard E. Newman",1999,"Richard E. Newman"
341,"Richard T. Snodgrass",1999,"Richard T. Snodgrass"
342,"Rob Cook",1999,"Rob Cook"
343,"Robert L. Glass",1999,"Robert L. Glass"
344,"Robert T. Braden",1999,"Robert T. Braden"
345,"Ronald J. Brachman",1999,"Ronald J. Brachman"
346,"Ronald L. Graham",1999,"Ronald L. Graham"
347,"Takeo Kanade",1999,"Takeo Kanade"
348,"Toshihide Ibaraki",1999,"Toshihide Ibaraki"
349,"Alan W. Biermann",2000,"Alan W. Biermann"
350,"Albert R. Meyer",2000,"Albert R. Meyer"
351,"Axel Van Lamsweerde",2000,"Axel Van Lamsweerde"
352,"David S. Warren",2000,"David S. Warren"
353,"Deborah Estrin",2000,"Deborah Estrin"
354,"Donald J. Haderle",2000,"Donald J. Haderle"
355,"Donald W. Loveland",2000,"Donald W. Loveland"
356,"Douglas Comer",2000,"Douglas Comer"
357,"Francine Berman",2000,"Francine Berman"
358,"Henry F. Korth",2000,"Henry F. Korth"
359,"James H. Morris",2000,"James H. Morris"
360,"Karen Duncan",2000,"Karen Duncan"
361,"Larry L. Peterson",2000,"Larry L. Peterson"
362,"Laxmi N. Bhuyan",2000,"Laxmi N. Bhuyan"
363,"Leonard Kleinrock",2000,"Leonard Kleinrock"
364,"Michael A. Casey",2000,"Michael A. Casey"
365,"Michael T. Hallett",2000,"Michael T. Hallett"
366,"Moshe Y. Vardi",2000,"Moshe Y. Vardi"
367,"Peter A. Heeman",2000,"Peter A. Heeman"
368,"Peter Buneman",2000,"Peter Buneman"
369,"Prithviraj Banerjee",2000,"Prithviraj Banerjee"
370,"Randal E. Bryant",2000,"Randal E. Bryant"
371,"Raymond A. Lorie",2000,"Raymond A. Lorie"
372,"Reinhard Wilhelm",2000,"Reinhard Wilhelm"
373,"Robin Williams",2000,"Robin Williams"
374,"Ronald Fagin",2000,"Ronald Fagin"
375,"Shahid H. Bokhari",2000,"Shahid H. Bokhari"
376,"Stuart K. Card",2000,"Stuart K. Card"
377,"W. Kent Fuchs",2000,"W. Kent Fuchs"
378,"Willy Zwaenepoel",2000,"Willy Zwaenepoel"
379,"Alan Borning",2001,"Alan Borning"
380,"Alan Smith",2001,"Alan Smith"
381,"Barton P. Miller",2001,"Barton P. Miller"
382,"Cherri M. Pancake",2001,"Cherri M. Pancake"
383,"Christos H. Papadimitriou",2001,"Christos H. Papadimitriou"
384,"David D. Clark",2001,"David D. Clark"
385,"David J. Farber",2001,"David J. Farber"
386,"David Shmoys",2001,"David Shmoys"
387,"Domenico Ferrari",2001,"Domenico Ferrari"
388,"Donald A. Norman",2001,"Donald A. Norman"
389,"Donn B. Parker",2001,"Donn B. Parker"
390,"Erol Gelenbe",2001,"Erol Gelenbe"
391,"Ganesh Ramakrishnan",2001,"Ganesh Ramakrishnan"
392,"George G. Robertson",2001,"George G. Robertson"
393,"Giovanni De Micheli",2001,"Giovanni De Micheli"
394,"Hans-Joerg Schek",2001,"Hans-Joerg Schek"
395,"Ira Pohl",2001,"Ira Pohl"
396,"J. Mark Pullen",2001,"J. Mark Pullen"
397,"Jack J. Dongarra",2001,"Jack J. Dongarra"
398,"Jacob Abraham",2001,"Jacob Abraham"
399,"James F. Kurose",2001,"James F. Kurose"
400,"Janak H. Patel",2001,"Janak H. Patel"
401,"Jeff Kramer",2001,"Jeff Kramer"
402,"Jeffrey C. Mogul",2001,"Jeffrey C. Mogul"
403,"Jin-Yi Cai",2001,"Jin-Yi Cai"
404,"Joan Feigenbaum",2001,"Joan Feigenbaum"
405,"Joel S. Birnbaum",2001,"Joel S. Birnbaum"
406,"Johan DeKleer",2001,"Johan DeKleer"
407,"John C. Reynolds",2001,"John C. Reynolds"
408,"John P. Hayes",2001,"John P. Hayes"
409,"Jonathan Turner",2001,"Jonathan Turner"
410,"Joseph F. JáJá",2001,"Joseph F. JáJá"
411,"Kang G. Shin",2001,"Kang G. Shin"
412,"Krishan K. Sabnani",2001,"Krishan K. Sabnani"
413,"Krithi Ramamritham",2001,"Krithi Ramamritham"
414,"Marilyn Claire Wolf",2001,"Marilyn Claire Wolf"
415,"Nick Roussopoulos",2001,"Nick Roussopoulos"
416,"Ouri Wolfson",2001,"Ouri Wolfson"
417,"Pamela Zave",2001,"Pamela Zave"
418,"Philip A. Bernstein",2001,"Philip A. Bernstein"
419,"Prabhakar Raghavan",2001,"Prabhakar Raghavan"
420,"Ralf Steinmetz",2001,"Ralf Steinmetz"
421,"Ravi S. Sandhu",2001,"Ravi S. Sandhu"
422,"Ravishankar K. Iyer",2001,"Ravishankar K. Iyer"
423,"Richard B. Kieburtz",2001,"Richard B. Kieburtz"
424,"Richard D. Schlichting",2001,"Richard D. Schlichting"
425,"Robert Kowalski",2001,"Robert Kowalski"
426,"Robert Rinker",2001,"Robert Rinker"
427,"Ruby B. Lee",2001,"Ruby B. Lee"
428,"Sally Floyd",2001,"Sally Floyd"
429,"Sitharama Iyengar",2001,"Sitharama Iyengar"
430,"Sungwon Kang",2001,"Sungwon Kang"
431,"Susan B. Davidson",2001,"Susan B. Davidson"
432,"Tetsuo Asano",2001,"Tetsuo Asano"
433,"Witold Litwin",2001,"Witold Litwin"
434,"Yale Patt",2001,"Yale Patt"
435,"Yuri Breitbart",2001,"Yuri Breitbart"
436,"Adolfo Guzmán",2002,"Adolfo Guzmán"
437,"Ambuj Goyal",2002,"Ambuj Goyal"
438,"Bob Rau",2002,"Bob Rau"
439,"C. Mohan",2002,"C. Mohan"
440,"David A. Basin",2002,"David A. Basin"
441,"David B. Lomet",2002,"David B. Lomet"
442,"David E. Culler",2002,"David E. Culler"
443,"Gary L. Miller",2002,"Gary L. Miller"
444,"George Varghese",2002,"George Varghese"
445,"Harold N. Gabow",2002,"Harold N. Gabow"
446,"Jeffrey F. Naughton",2002,"Jeffrey F. Naughton"
447,"John Wilkes",2002,"John Wilkes"
448,"Jon Crowcroft",2002,"Jon Crowcroft"
449,"Joseph Y. Halpern",2002,"Joseph Y. Halpern"
450,"Mahadev Satyanarayanan",2002,"Mahadev Satyanarayanan"
451,"Mateo Valero",2002,"Mateo Valero"
452,"Neil Immerman",2002,"Neil Immerman"
453,"Ozalp Babaoglu",2002,"Ozalp Babaoglu"
454,"Pankaj K. Agarwal",2002,"Pankaj K. Agarwal"
455,"Sidney Karin",2002,"Sidney Karin"
456,"Susan Eggers",2002,"Susan Eggers"
457,"Thomas G. Dietterich",2002,"Thomas G. Dietterich"
458,"Vishwani D. Agrawal",2002,"Vishwani D. Agrawal"
459,"Wen-mei W. Hwu",2002,"Wen-mei W. Hwu"
460,"Wendy A. Kellogg",2002,"Wendy A. Kellogg"
461,"William J. Dally",2002,"William J. Dally"
462,"Anil K. Jain 0001",2003,"Anil K. Jain"
463,"Barbara J. Grosz",2003,"Barbara J. Grosz"
464,"Bonnie Berger",2003,"Bonnie Berger"
465,"Brent Hailpern",2003,"Brent Hailpern"
466,"C. J. Van Rijsbergen",2003,"C. J. Van Rijsbergen"
467,"Craig Partridge",2003,"Craig Partridge"
468,"Daniel A. Reed",2003,"Daniel A. Reed"
469,"Dexter Kozen",2003,"Dexter Kozen"
470,"Elisa Bertino",2003,"Elisa Bertino"
471,"Eugene W. Myers",2003,"Eugene W. Myers"
472,"Gurindar S. Sohi",2003,"Gurindar S. Sohi"
473,"H. V. Jagadish",2003,"H. V. Jagadish"
474,"Jiawei Han 0001",2003,"Jiawei Han"
475,"John Carroll 0001",2003,"John Carroll"
476,"Kathy McKeown",2003,"Kathy McKeown"
477,"Maneesh Agrawala",2003,"Maneesh Agrawala"
478,"Mark Horowitz",2003,"Mark Horowitz"
479,"Mary Harrold",2003,"Mary Harrold"
480,"Mostafa H. Ammar",2003,"Mostafa H. Ammar"
481,"Niraj K. Jha",2003,"Niraj K. Jha"
482,"Paul Hudak",2003,"Paul Hudak"
483,"Peter Hart",2003,"Peter Hart"
484,"Ramesh Jain",2003,"Ramesh Jain"
485,"Richard A. DeMillo",2003,"Richard A. DeMillo"
486,"Scott Shenker",2003,"Scott Shenker"
487,"Stuart Russell 0001",2003,"Stuart Russell"
488,"Thomas Tran",2003,"Thomas Tran"
489,"Victor Bahl",2003,"Victor Bahl"
490,"William H. Sanders",2003,"William H. Sanders"
491,"Yi-Bing Lin",2003,"Yi-Bing Lin"
492,"Allan Gottlieb",2004,"Allan Gottlieb"
493,"Andrew A. Chien",2004,"Andrew A. Chien"
494,"Bella Bose",2004,"Bella Bose"
495,"Benjamin W. Wah",2004,"Benjamin W. Wah"
496,"David S. Wishart",2004,"David S. Wishart"
497,"George E. Collins",2004,"George E. Collins"
498,"Janis A. Bubenko Jr.",2004,"Janis A. Bubenko Jr."
499,"Joel Emer",2004,"Joel Emer"
500,"Luca Cardelli",2004,"Luca Cardelli"
501,"M. Frans Kaashoek",2004,"M. Frans Kaashoek"
502,"Mark D. Hill",2004,"Mark D. Hill"
503,"Michael D. Schroeder",2004,"Michael D. Schroeder"
504,"Paul Mockapetris",2004,"Paul Mockapetris"
505,"Per-Ake Larson",2004,"Per-Ake Larson"
506,"Peter Fejer",2004,"Peter Fejer"
507,"Richard Schantz",2004,"Richard Schantz"
508,"Simon L. Jones",2004,"Simon L. Jones"
509,"Stamatis Vassiliadis",2004,"Stamatis Vassiliadis"
510,"Vicki L. Hanson",2004,"Vicki L. Hanson"
511,"Yannis E. Ioannidis",2004,"Yannis E. Ioannidis"
512,"Brad A. Myers",2005,"Brad A. Myers"
513,"Daniel S. Weld",2005,"Daniel S. Weld"
514,"David A. Wood",2005,"David A. Wood"
515,"David M. Nichols",2005,"David M. Nichols"
516,"Dines Bjørner",2005,"Dines Bjørner"
517,"Eli Upfal",2005,"Eli Upfal"
518,"Gerhard Weikum",2005,"Gerhard Weikum"
519,"Huajie Zhang",2005,"Huajie Zhang"
520,"Jennifer Widom",2005,"Jennifer Widom"
521,"Keith D. Cooper",2005,"Keith D. Cooper"
522,"Krishna V. Palem",2005,"Krishna V. Palem"
523,"Laks V. S. Lakshmanan",2005,"Laks V. S. Lakshmanan"
524,"Lui Sha",2005,"Lui Sha"
525,"Maurice Herlihy",2005,"Maurice Herlihy"
526,"Michael J. Franklin",2005,"Michael J. Franklin"
527,"Michael P. Wellman",2005,"Michael P. Wellman"
528,"Michel Dubois",2005,"Michel Dubois"
529,"Mikkel Thorup",2005,"Mikkel Thorup"
530,"Ophir Frieder",2005,"Ophir Frieder"
531,"Phokion G. Kolaitis",2005,"Phokion G. Kolaitis"
532,"Robert Harle",2005,"Robert Harle"
533,"Rodney A. Brooks",2005,"Rodney A. Brooks"
534,"Roy Want",2005,"Roy Want"
535,"Stephen Bourne",2005,"Stephen Bourne"
536,"Thomas E. Anderson",2005,"Thomas E. Anderson"
537,"Thomas W. Reps",2005,"Thomas W. Reps"
538,"Umesh V. Vazirani",2005,"Umesh V. Vazirani"
539,"Uri C. Weiser",2005,"Uri C. Weiser"
540,"Vijay V. Vazirani",2005,"Vijay V. Vazirani"
541,"Vipin Kumar",2005,"Vipin Kumar"
542,"Walter Willinger",2005,"Walter Willinger"
543,"Alan Newell",2006,"Alan Newell"
544,"Albert G. Greenberg",2006,"Albert G. Greenberg"
545,"Alexander L. Wolf",2006,"Alexander L. Wolf"
546,"Alfred Z. Spector",2006,"Alfred Z. Spector"
547,"Alon Y. Halevy",2006,"Alon Y. Halevy"
548,"Anthony C. Hearn",2006,"Anthony C. Hearn"
549,"Arvind Arvind",2006,"Arvind Arvind"
550,"Bryant W. York",2006,"Bryant W. York"
551,"C. Lee Giles",2006,"C. Lee Giles"
552,"Charles E. Leiserson",2006,"Charles E. Leiserson"
553,"Dan R. Olsen",2006,"Dan R. Olsen"
554,"Dianne P. O'Leary",2006,"Dianne P. O'Leary"
555,"Eric Allender",2006,"Eric Allender"
556,"Harry Shum",2006,"Harry Shum"
557,"J. Strother Moore",2006,"J. Strother Moore"
558,"James R. Larus",2006,"James R. Larus"
559,"John E. Laird",2006,"John E. Laird"
560,"John V. Guttag",2006,"John V. Guttag"
561,"Kenneth D. Forbus",2006,"Kenneth D. Forbus"
562,"Kunle Olukotun",2006,"Kunle Olukotun"
563,"Laura M. Haas",2006,"Laura M. Haas"
564,"Lixia Zhang",2006,"Lixia Zhang"
565,"M. Tamer Özsu",2006,"M. Tamer Özsu"
566,"Marianne Winslett",2006,"Marianne Winslett"
567,"Matthias Felleisen",2006,"Matthias Felleisen"
568,"Michael L. Scott",2006,"Michael L. Scott"
569,"Mikhail J. Atallah",2006,"Mikhail J. Atallah"
570,"Ming Yin",2006,"Ming Yin"
571,"Ming-Syan Chen",2006,"Ming-Syan Chen"
572,"Nick McKeown",2006,"Nick McKeown"
573,"Norman Jouppi",2006,"Norman Jouppi"
574,"Peter Norvig",2006,"Peter Norvig"
575,"Phillip B. Gibbons",2006,"Phillip B. Gibbons"
576,"Roch Guérin",2006,"Roch Guérin"
577,"Stanley B. Zdonik",2006,"Stanley B. Zdonik"
578,"Susan T. Dumais",2006,"Susan T. Dumais"
579,"Thomas A. Henzinger",2006,"Thomas A. Henzinger"
580,"Usama M. Fayyad",2006,"Usama M. Fayyad"
581,"Vern Paxson",2006,"Vern Paxson"
582,"Victor Vianu",2006,"Victor Vianu"
583,"William Gropp",2006,"William Gropp"
584,"Amir Pnueli",2007,"Amir Pnueli"
585,"Anant Agarwal",2007,"Anant Agarwal"
586,"Andrei Broder",2007,"Andrei Broder"
587,"Aristides A. G. Requicha",2007,"Aristides A. G. Requicha"
588,"Avrim Blum",2007,"Avrim Blum"
589,"Bud Mishra",2007,"Bud Mishra"
590,"Catriel Beeri",2007,"Catriel Beeri"
591,"Daniel P. Huttenlocher",2007,"Daniel P. Huttenlocher"
592,"Danny Dolev",2007,"Danny Dolev"
593,"David A. Padua",2007,"David A. Padua"
594,"Demetri Terzopoulos",2007,"Demetri Terzopoulos"
595,"Donald E. Thomas",2007,"Donald E. Thomas"
596,"Edward A. Feigenbaum",2007,"Edward A. Feigenbaum"
597,"Edward W. Felten",2007,"Edward W. Felten"
598,"Eric A. Brewer",2007,"Eric A. Brewer"
599,"Eric Roberts",2007,"Eric Roberts"
600,"Gary M. Olson",2007,"Gary M. Olson"
601,"Georg Gottlob",2007,"Georg Gottlob"
602,"HongJiang Zhang",2007,"HongJiang Zhang"
603,"J. Eliot B. Moss",2007,"J. Eliot B. Moss"
604,"John C. Klensin",2007,"John C. Klensin"
605,"Lance Fortnow",2007,"Lance Fortnow"
606,"Larry Constantine",2007,"Larry Constantine"
607,"Marc Levoy",2007,"Marc Levoy"
608,"Martin Odersky",2007,"Martin Odersky"
609,"Michael F. Cohen",2007,"Michael F. Cohen"
610,"Mitchell Wand",2007,"Mitchell Wand"
611,"Monica S. Lam",2007,"Monica S. Lam"
612,"Philip Wadler",2007,"Philip Wadler"
613,"Rajeev Alur",2007,"Rajeev Alur"
614,"Rajeev Motwani 0001",2007,"Rajeev Motwani"
615,"Randy Pausch",2007,"Randy Pausch"
616,"Richard Hull",2007,"Richard Hull"
617,"Rodney Downey",2007,"Rodney Downey"
618,"Tao Jiang 0001",2007,"Tao Jiang"
619,"Utpal Banerjee",2007,"Utpal Banerjee"
620,"Viktor K. Prasanna",2007,"Viktor K. Prasanna"
621,"Yang Gao",2007,"Yang Gao"
622,"Alan Kay",2008,"Alan Kay"
623,"Alexander Aiken",2008,"Alexander Aiken"
624,"Bernd Meyer",2008,"Bernd Meyer"
625,"Brian Randell",2008,"Brian Randell"
626,"Douglas B. Terry",2008,"Douglas B. Terry"
627,"Gregory D. Abowd",2008,"Gregory D. Abowd"
628,"Hamid Pirahesh",2008,"Hamid Pirahesh"
629,"Hari Balakrishnan",2008,"Hari Balakrishnan"
630,"J. Ian Munro",2008,"J. Ian Munro"
631,"J.J. Garcia-Luna-Aceves",2008,"J.J. Garcia-Luna-Aceves"
632,"Jack W. Davidson",2008,"Jack W. Davidson"
633,"Jason Cong",2008,"Jason Cong"
634,"Jennifer Rexford",2008,"Jennifer Rexford"
635,"Jitendra Malik",2008,"Jitendra Malik"
636,"Joel Moses",2008,"Joel Moses"
637,"John C. Mitchell",2008,"John C. Mitchell"
638,"Jonathan Lee",2008,"Jonathan Lee"
639,"Joseph A. Konstan",2008,"Joseph A. Konstan"
640,"Judith S. Olson",2008,"Judith S. Olson"
641,"Kathryn S. McKinley",2008,"Kathryn S. McKinley"
642,"Kenneth Clarkson",2008,"Kenneth Clarkson"
643,"Lawrence C. Paulson",2008,"Lawrence C. Paulson"
644,"Madhu Sudan",2008,"Madhu Sudan"
645,"Mark S. Squillante",2008,"Mark S. Squillante"
646,"Martin Abadi",2008,"Martin Abadi"
647,"Mendel Rosenblum",2008,"Mendel Rosenblum"
648,"Michael K. Reiter",2008,"Michael K. Reiter"
649,"Michael Kearns",2008,"Michael Kearns"
650,"P. Geoffrey Lowney",2008,"P. Geoffrey Lowney"
651,"Pat Hanrahan",2008,"Pat Hanrahan"
652,"Per Stenström",2008,"Per Stenström"
653,"Perry Cook",2008,"Perry Cook"
654,"Rob A. Rutenbar",2008,"Rob A. Rutenbar"
655,"Roy Levin",2008,"Roy Levin"
656,"Sanjeev Arora",2008,"Sanjeev Arora"
657,"Stephen A. Clark",2008,"Stephen A. Clark"
658,"Tuomas Sandholm",2008,"Tuomas Sandholm"
659,"Umeshwar Dayal",2008,"Umeshwar Dayal"
660,"Vivek Sarkar",2008,"Vivek Sarkar"
661,"Watts S. Humphrey",2008,"Watts S. Humphrey"
662,"William A.S. Buxton",2008,"William A.S. Buxton"
663,"Xiaotie Deng",2008,"Xiaotie Deng"
664,"Alok N. Choudhary",2009,"Alok N. Choudhary"
665,"Andrew V. Goldberg",2009,"Andrew V. Goldberg"
666,"Arie E. Kaufman",2009,"Arie E. Kaufman"
667,"Bruce Davie",2009,"Bruce Davie"
668,"Bruce Randall Donald",2009,"Bruce Randall Donald"
669,"C. Vemuri",2009,"C. Vemuri"
670,"Chandrajit L. Bajaj",2009,"Chandrajit L. Bajaj"
671,"Chandramohan A. Thekkath",2009,"Chandramohan A. Thekkath"
672,"David F. Bacon",2009,"David F. Bacon"
673,"David R. Karger",2009,"David R. Karger"
674,"Dinesh Manocha",2009,"Dinesh Manocha"
675,"Erich L. Kaltofen",2009,"Erich L. Kaltofen"
676,"Farnam Jahanian",2009,"Farnam Jahanian"
677,"Gaetano Borriello",2009,"Gaetano Borriello"
678,"Gerhard Fischer",2009,"Gerhard Fischer"
679,"Hagit Attiya",2009,"Hagit Attiya"
680,"Hans-Peter Seidel",2009,"Hans-Peter Seidel"
681,"Ian T. Foster",2009,"Ian T. Foster"
682,"Jeffrey H. Lang",2009,"Jeffrey H. Lang"
683,"John C. S. Lui",2009,"John C. S. Lui"
684,"John T. Riedl",2009,"John T. Riedl"
685,"Jose A. Blakeley",2009,"Jose A. Blakeley"
686,"Joseph M. Hellerstein",2009,"Joseph M. Hellerstein"
687,"Kyu-Young Whang",2009,"Kyu-Young Whang"
688,"Laurie J. Hendren",2009,"Laurie J. Hendren"
689,"Margaret Martonosi",2009,"Margaret Martonosi"
690,"Martin C. Rinard",2009,"Martin C. Rinard"
691,"Martin Vetterli",2009,"Martin Vetterli"
692,"Maurizio Lenzerini",2009,"Maurizio Lenzerini"
693,"Michael T. Goodrich",2009,"Michael T. Goodrich"
694,"Nell B. Dale",2009,"Nell B. Dale"
695,"Patricia G. Selinger",2009,"Patricia G. Selinger"
696,"Paulo Veríssimo",2009,"Paulo Veríssimo"
697,"R. K. Shyamasundar",2009,"R. K. Shyamasundar"
698,"Rajiv Gupta 0001",2009,"Rajiv Gupta"
699,"Renée J. Miller",2009,"Renée J. Miller"
700,"Ricardo A. Baeza-Yates",2009,"Ricardo A. Baeza-Yates"
701,"Robbert Van Renesse",2009,"Robbert Van Renesse"
702,"Shang-Hua Teng",2009,"Shang-Hua Teng"
703,"Terry Winograd",2009,"Terry Winograd"
704,"Thomas A. DeFanti",2009,"Thomas A. DeFanti"
705,"Thomas Erickson",2009,"Thomas Erickson"
706,"Urs Hölzle",2009,"Urs Hölzle"
707,"Venu Govindaraju",2009,"Venu Govindaraju"
708,"Vijay P. Bhatkar",2009,"Vijay P. Bhatkar"
709,"Yorick Wilks",2009,"Yorick Wilks"
710,"Yossi Matias",2009,"Yossi Matias"
711,"Amr El Abbadi",2010,"Amr El Abbadi"
712,"Andreas Zeller",2010,"Andreas Zeller"
713,"Anne Condon",2010,"Anne Condon"
714,"Bobby Schnabel",2010,"Bobby Schnabel"
715,"Carla S. Ellis",2010,"Carla S. Ellis"
716,"Christos Faloutsos",2010,"Christos Faloutsos"
717,"Daniel A. Spielman",2010,"Daniel A. Spielman"
718,"David Abramson 0001",2010,"David Abramson"
719,"David M. Ungar",2010,"David M. Ungar"
720,"David S. Rosenblum",2010,"David S. Rosenblum"
721,"Dieter Rombach",2010,"Dieter Rombach"
722,"Donald Kossmann",2010,"Donald Kossmann"
723,"Douglas C. Burger",2010,"Douglas C. Burger"
724,"Fernando Pereira",2010,"Fernando Pereira"
725,"Frank Wm. Tompa",2010,"Frank Wm. Tompa"
726,"James Goodman",2010,"James Goodman"
727,"Jean-Pierre Hubaux",2010,"Jean-Pierre Hubaux"
728,"Jennifer Chayes",2010,"Jennifer Chayes"
729,"John Launchbury",2010,"John Launchbury"
730,"Josep Torrellas",2010,"Josep Torrellas"
731,"Kathleen Fisher",2010,"Kathleen Fisher"
732,"Lorenzo Alvisi",2010,"Lorenzo Alvisi"
733,"Luiz Andre Barroso",2010,"Luiz Andre Barroso"
734,"Lydia E. Kavraki",2010,"Lydia E. Kavraki"
735,"Mark Crovella",2010,"Mark Crovella"
736,"Michael I. Jordan",2010,"Michael I. Jordan"
737,"Pavel A. Pevzner",2010,"Pavel A. Pevzner"
738,"Philip N. Klein",2010,"Philip N. Klein"
739,"Raymond J. Mooney",2010,"Raymond J. Mooney"
740,"Ron Cytron",2010,"Ron Cytron"
741,"S. Muthukrishnan",2010,"S. Muthukrishnan"
742,"Sara B. Kiesler",2010,"Sara B. Kiesler"
743,"Sarita V. Adve",2010,"Sarita V. Adve"
744,"Shumin Zhai",2010,"Shumin Zhai"
745,"Stefan Savage",2010,"Stefan Savage"
746,"Stephen Trimberger",2010,"Stephen Trimberger"
747,"Subhash Suri",2010,"Subhash Suri"
748,"Wendy Hall 0001",2010,"Wendy Hall"
749,"Amin Vahdat",2011,"Amin Vahdat"
750,"Amit Singhal 0001",2011,"Amit Singhal"
751,"Baining Guo",2011,"Baining Guo"
752,"Beng Chin Ooi",2011,"Beng Chin Ooi"
753,"Carl Ebeling",2011,"Carl Ebeling"
754,"Christian S. Jensen",2011,"Christian S. Jensen"
755,"Dahlia Malkhi",2011,"Dahlia Malkhi"
756,"Dan Roth",2011,"Dan Roth"
757,"Dan Suciu",2011,"Dan Suciu"
758,"David Eppstein",2011,"David Eppstein"
759,"David K. Gifford",2011,"David K. Gifford"
760,"David Wetherall",2011,"David Wetherall"
761,"Dean M. Tullsen",2011,"Dean M. Tullsen"
762,"Diane L. Souvaine",2011,"Diane L. Souvaine"
763,"Divyakant Agrawal",2011,"Divyakant Agrawal"
764,"Frank Kenneth Zadeck",2011,"Frank Kenneth Zadeck"
765,"Geoffrey C. Fox",2011,"Geoffrey C. Fox"
766,"George Furnas",2011,"George Furnas"
767,"Gerard J. Holzmann",2011,"Gerard J. Holzmann"
768,"Guy E. Blelloch",2011,"Guy E. Blelloch"
769,"Howard J. Karloff",2011,"Howard J. Karloff"
770,"Hugues Hoppe",2011,"Hugues Hoppe"
771,"Janos Pach",2011,"Janos Pach"
772,"John Sanguinetti",2011,"John Sanguinetti"
773,"Joseph Mitchell",2011,"Joseph Mitchell"
774,"Keith Marzullo",2011,"Keith Marzullo"
775,"Linda R. Petzold",2011,"Linda R. Petzold"
776,"Margo I. Seltzer",2011,"Margo I. Seltzer"
777,"Martha E. Pollack",2011,"Martha E. Pollack"
778,"Ming C. Lin",2011,"Ming C. Lin"
779,"Nelson L. Max",2011,"Nelson L. Max"
780,"Peter B. Key",2011,"Peter B. Key"
781,"Peter Magnusson",2011,"Peter Magnusson"
782,"Piyush Srivastava",2011,"Piyush Srivastava"
783,"Ramesh Govindan",2011,"Ramesh Govindan"
784,"Robert E. Kraut",2011,"Robert E. Kraut"
785,"Ronald Baecker",2011,"Ronald Baecker"
786,"Satoshi Matsuoka",2011,"Satoshi Matsuoka"
787,"Scott Kirkpatrick",2011,"Scott Kirkpatrick"
788,"Serge Abiteboul",2011,"Serge Abiteboul"
789,"Shubu Mukherjee",2011,"Shubu Mukherjee"
790,"Stephen Keckler",2011,"Stephen Keckler"
791,"Susan Landau",2011,"Susan Landau"
792,"Thomas Ball",2011,"Thomas Ball"
793,"Z. Meral Özsoyoglu",2011,"Z. Meral Özsoyoglu"
794,"Ahmed K. Elmagarmid",2012,"Ahmed K. Elmagarmid"
795,"Alistair Sinclair",2012,"Alistair Sinclair"
796,"Andrew B. Kahng",2012,"Andrew B. Kahng"
797,"Andrew M. Pitts",2012,"Andrew M. Pitts"
798,"Anna R. Karlin",2012,"Anna R. Karlin"
799,"Bart Selman",2012,"Bart Selman"
800,"Benjamin C. Pierce",2012,"Benjamin C. Pierce"
801,"Clifford Stein",2012,"Clifford Stein"
802,"Craig Boutilier",2012,"Craig Boutilier"
803,"David Grove",2012,"David Grove"
804,"Garth A. Gibson",2012,"Garth A. Gibson"
805,"Gregor Kiczales",2012,"Gregor Kiczales"
806,"Gustavo Alonso",2012,"Gustavo Alonso"
807,"Hans Boehm",2012,"Hans Boehm"
808,"Ion Stoica",2012,"Ion Stoica"
809,"John Hershberger 0001",2012,"John Hershberger"
810,"Jonathan Grudin",2012,"Jonathan Grudin"
811,"Joseph O'Rourke",2012,"Joseph O'Rourke"
812,"Joseph Sifakis",2012,"Joseph Sifakis"
813,"Karem A. Sakallah",2012,"Karem A. Sakallah"
814,"Katherine A. Yelick",2012,"Katherine A. Yelick"
815,"Keith W. Ross",2012,"Keith W. Ross"
816,"Keshav Pingali",2012,"Keshav Pingali"
817,"Klara Nahrstedt",2012,"Klara Nahrstedt"
818,"Larry Davis 0001",2012,"Larry Davis"
819,"Lars Arge",2012,"Lars Arge"
820,"Leonid Libkin",2012,"Leonid Libkin"
821,"Leslie G. Valiant",2012,"Leslie G. Valiant"
822,"Lixin Gao",2012,"Lixin Gao"
823,"Manish Gupta 0001",2012,"Manish Gupta"
824,"Markus H. Gross",2012,"Markus H. Gross"
825,"Masaru Kitsuregawa",2012,"Masaru Kitsuregawa"
826,"Patrick Valduriez",2012,"Patrick Valduriez"
827,"Pierre Baldi",2012,"Pierre Baldi"
828,"Rachid Guerraoui",2012,"Rachid Guerraoui"
829,"Raj Reddy",2012,"Raj Reddy"
830,"Rajeev Rastogi",2012,"Rajeev Rastogi"
831,"Ramin Zabih",2012,"Ramin Zabih"
832,"Rick Cattell",2012,"Rick Cattell"
833,"Robert Schreiber",2012,"Robert Schreiber"
834,"Roberto Tamassia",2012,"Roberto Tamassia"
835,"Ron Shamir",2012,"Ron Shamir"
836,"Saul Greenberg",2012,"Saul Greenberg"
837,"Simson L. Garfinkel",2012,"Simson L. Garfinkel"
838,"Srinivasan Keshav",2012,"Srinivasan Keshav"
839,"Stephen Scott",2012,"Stephen Scott"
840,"Tova Milo",2012,"Tova Milo"
841,"Tracy Camp",2012,"Tracy Camp"
842,"Walter F. Tichy",2012,"Walter F. Tichy"
843,"Wenfei Fan",2012,"Wenfei Fan"
844,"Xiaoming Zhang",2012,"Xiaoming Zhang"
845,"Yoav Shoham",2012,"Yoav Shoham"
846,"Andrew Clifford Myers",2013,"Andrew Clifford Myers"
847,"Carlos J. P. De Lucena",2013,"Carlos J. P. De Lucena"
848,"Charu C. Aggarwal",2013,"Charu C. Aggarwal"
849,"Chip Elliott",2013,"Chip Elliott"
850,"Christine L. Borgman",2013,"Christine L. Borgman"
851,"Christopher D. Manning",2013,"Christopher D. Manning"
852,"Dana S. Nau",2013,"Dana S. Nau"
853,"David A. Forsyth",2013,"David A. Forsyth"
854,"David Garlan",2013,"David Garlan"
855,"David J. Kasik",2013,"David J. Kasik"
856,"David P. Williamson",2013,"David P. Williamson"
857,"David Zuckerman",2013,"David Zuckerman"
858,"Dennis Shasha",2013,"Dennis Shasha"
859,"Dina Katabi",2013,"Dina Katabi"
860,"Doug Lea",2013,"Doug Lea"
861,"Ellen W. Zegura",2013,"Ellen W. Zegura"
862,"Henry A. Kautz",2013,"Henry A. Kautz"
863,"Ingemar J. Cox",2013,"Ingemar J. Cox"
864,"J. Gregory Morrisett",2013,"J. Gregory Morrisett"
865,"James Gosling",2013,"James Gosling"
866,"James H. Anderson",2013,"James H. Anderson"
867,"Jean Gao",2013,"Jean Gao"
868,"John M. Mellor-Crummey",2013,"John M. Mellor-Crummey"
869,"Jon M. Kleinberg",2013,"Jon M. Kleinberg"
870,"Krishnendu Chakrabarty",2013,"Krishnendu Chakrabarty"
871,"Kyuseok Shim",2013,"Kyuseok Shim"
872,"Limsoon Wong",2013,"Limsoon Wong"
873,"Madhav Marathe",2013,"Madhav Marathe"
874,"Mark S. Ackerman",2013,"Mark S. Ackerman"
875,"Marti A. Hearst",2013,"Marti A. Hearst"
876,"Matthias Jarke",2013,"Matthias Jarke"
877,"Mihir Bellare",2013,"Mihir Bellare"
878,"Milind Tambe",2013,"Milind Tambe"
879,"Moti Yung",2013,"Moti Yung"
880,"Nir Shavit",2013,"Nir Shavit"
881,"P. R. Kumar 0001",2013,"P. R. Kumar"
882,"Padhraic Smyth",2013,"Padhraic Smyth"
883,"Peter J. Haas",2013,"Peter J. Haas"
884,"Rama Chellappa",2013,"Rama Chellappa"
885,"Rina Dechter",2013,"Rina Dechter"
886,"S. E. Robertson",2013,"S. E. Robertson"
887,"Sampath Kannan",2013,"Sampath Kannan"
888,"Satish Rao",2013,"Satish Rao"
889,"Shengyu Zhang",2013,"Shengyu Zhang"
890,"Stefano Ceri",2013,"Stefano Ceri"
891,"Timos K. Sellis",2013,"Timos K. Sellis"
892,"Timothy Roscoe",2013,"Timothy Roscoe"
893,"Val Tannen",2013,"Val Tannen"
894,"Yoelle Maarek",2013,"Yoelle Maarek"
895,"Yuanyuan Zhou",2013,"Yuanyuan Zhou"
896,"Adam Finkelstein",2014,"Adam Finkelstein"
897,"Alan Bundy",2014,"Alan Bundy"
898,"Alberto L. Sangiovanni-Vincentelli",2014,"Alberto L. Sangiovanni-Vincentelli"
899,"Allan Borodin",2014,"Allan Borodin"
900,"Aravind Srinivasan",2014,"Aravind Srinivasan"
901,"Charles W. Bachman",2014,"Charles W. Bachman"
902,"Daniela Rus",2014,"Daniela Rus"
903,"Eric Grimson",2014,"Eric Grimson"
904,"Eric Horvitz",2014,"Eric Horvitz"
905,"Faith Ellen",2014,"Faith Ellen"
906,"Foto Afrati",2014,"Foto Afrati"
907,"Gene Tsudik",2014,"Gene Tsudik"
908,"Gernot Heiser",2014,"Gernot Heiser"
909,"Henning Schulzrinne",2014,"Henning Schulzrinne"
910,"Inderjit S. Dhillon",2014,"Inderjit S. Dhillon"
911,"Jignesh M. Patel",2014,"Jignesh M. Patel"
912,"Johannes Gehrke",2014,"Johannes Gehrke"
913,"Juliana Freire",2014,"Juliana Freire"
914,"Leslie Lamport",2014,"Leslie Lamport"
915,"Lorrie Faith Cranor",2014,"Lorrie Faith Cranor"
916,"Mark Guzdial",2014,"Mark Guzdial"
917,"Michael D. Ernst",2014,"Michael D. Ernst"
918,"Michael Kearns",2014,"Michael Kearns"
919,"Michael Mitzenmacher",2014,"Michael Mitzenmacher"
920,"Narayanan Vijaykrishnan",2014,"Narayanan Vijaykrishnan"
921,"Nikil D. Dutt",2014,"Nikil D. Dutt"
922,"Omer Reingold",2014,"Omer Reingold"
923,"Parthasarathy Ranganathan",2014,"Parthasarathy Ranganathan"
924,"Paul Syverson",2014,"Paul Syverson"
925,"Ramakrishnan Srikant",2014,"Ramakrishnan Srikant"
926,"Roberta Gori",2014,"Roberta Gori"
927,"Ronitt Rubinfeld",2014,"Ronitt Rubinfeld"
928,"S. Sudarshan 0001",2014,"S. Sudarshan"
929,"Samson Abramsky",2014,"Samson Abramsky"
930,"Sarit Kraus",2014,"Sarit Kraus"
931,"Shamkant B. Navathe",2014,"Shamkant B. Navathe"
932,"Sharad Malik",2014,"Sharad Malik"
933,"Srinivas Devadas",2014,"Srinivas Devadas"
934,"Steve Whittaker",2014,"Steve Whittaker"
935,"Stuart M. Shieber",2014,"Stuart M. Shieber"
936,"Subhasish Mitra",2014,"Subhasish Mitra"
937,"Thorsten Joachims",2014,"Thorsten Joachims"
938,"Timothy A. Davis 0001",2014,"Timothy A. Davis"
939,"Tom Rodden",2014,"Tom Rodden"
940,"Valerie King",2014,"Valerie King"
941,"Vikram S. Adve",2014,"Vikram S. Adve"
942,"Yishay Mansour",2014,"Yishay Mansour"
943,"Anastasia Ailamaki",2015,"Anastasia Ailamaki"
944,"Assaf Schuster",2015,"Assaf Schuster"
945,"Babak Falsafi",2015,"Babak Falsafi"
946,"Bin Luo",2015,"Bin Luo"
947,"Chih-Jen Lin",2015,"Chih-Jen Lin"
948,"Cynthia Dwork",2015,"Cynthia Dwork"
949,"David M. Blei",2015,"David M. Blei"
950,"Dragomir R. Radev",2015,"Dragomir R. Radev"
951,"Elizabeth D. Mynatt",2015,"Elizabeth D. Mynatt"
952,"Frank Pfenning",2015,"Frank Pfenning"
953,"Giuseppe De Giacomo",2015,"Giuseppe De Giacomo"
954,"Hsinchun Chen",2015,"Hsinchun Chen"
955,"Jayant R. Haritsa",2015,"Jayant R. Haritsa"
956,"Jian Pei",2015,"Jian Pei"
957,"Judea Pearl",2015,"Judea Pearl"
958,"Julia Hirschberg",2015,"Julia Hirschberg"
959,"Kevin Fall",2015,"Kevin Fall"
960,"Kevin Skadron",2015,"Kevin Skadron"
961,"Mary P. Czerwinski",2015,"Mary P. Czerwinski"
962,"Michael Franz",2015,"Michael Franz"
963,"Michael George Luby",2015,"Michael George Luby"
964,"Michael R. Lyu",2015,"Michael R. Lyu"
965,"Michael Wooldridge",2015,"Michael Wooldridge"
966,"Naehyuck Chang",2015,"Naehyuck Chang"
967,"Nancy M. Amato",2015,"Nancy M. Amato"
968,"Orna Grumberg",2015,"Orna Grumberg"
969,"Pablo Rodriguez 0001",2015,"Pablo Rodriguez"
970,"Patrick Drew McDaniel",2015,"Patrick Drew McDaniel"
971,"Paul Dourish",2015,"Paul Dourish"
972,"Peter Schröder",2015,"Peter Schröder"
973,"Piotr Indyk",2015,"Piotr Indyk"
974,"Ratan K. Guha",2015,"Ratan K. Guha"
975,"Santosh Vempala",2015,"Santosh Vempala"
976,"Shmuel Sagiv",2015,"Shmuel Sagiv"
977,"Sriram Rajamani",2015,"Sriram Rajamani"
978,"Tandy J. Warnow",2015,"Tandy J. Warnow"
979,"Tei-Wei Kuo",2015,"Tei-Wei Kuo"
980,"Ueli Maurer",2015,"Ueli Maurer"
981,"Victor Miller",2015,"Victor Miller"
982,"Wang Chiew Tan",2015,"Wang Chiew Tan"
983,"Xavier Leroy",2015,"Xavier Leroy"
984,"Yunhao Liu 0001",2015,"Yunhao Liu"
985,"Abigail Sellen",2016,"Abigail Sellen"
986,"Adrian Perrig",2016,"Adrian Perrig"
987,"Allison Druin",2016,"Allison Druin"
988,"Andre Seznec",2016,"Andre Seznec"
989,"Anne-Marie Kermarrec",2016,"Anne-Marie Kermarrec"
990,"Carla E. Brodley",2016,"Carla E. Brodley"
991,"Carlo Tomasi",2016,"Carlo Tomasi"
992,"Christoforos E. Kozyrakis",2016,"Christoforos E. Kozyrakis"
993,"Dan Boneh",2016,"Dan Boneh"
994,"Daniel Jackson 0001",2016,"Daniel Jackson"
995,"David Peleg",2016,"David Peleg"
996,"Erik D. Demaine",2016,"Erik D. Demaine"
997,"Frédo Durand",2016,"Frédo Durand"
998,"Furong Huang",2016,"Furong Huang"
999,"Ganesan Ramalingam",2016,"Ganesan Ramalingam"
1000,"Holly E. Rushmeier",2016,"Holly E. Rushmeier"
